dates,VAX_count,day,sdm,events,I_1,I_2,I_3,Y_1,Y_2,Y_3,V_1,V_2,V_3,Infected,Y,V,logV
2020-03-10,0,0,1,0,2,3,5,0,0,0,6451.6411458929115,14319.50203562864,18429.32476821324,10,0,12380.286456227605,9.42386068459994
2020-03-11,0,1,1,0,2,3,6,0,0,0,9203.287101082442,11396.619140531267,16805.49152158259,11,0,11735.650816399628,9.370386566176334
2020-03-12,0,2,1,0,2,3,7,0,1,1,9954.637383679392,7073.579389514365,13933.268752765154,12,2,9688.150820286122,9.17865885285392
2020-03-13,0,3,1,0,3,2,11,1,0,0,10955.833725531644,7404.0666556343795,14005.679042522403,16,1,9916.055519981304,9.20191049216939
2020-03-14,0,4,1,0,3,2,11,0,0,0,5790.553928349858,9291.990496826076,16708.663036228623,16,0,9621.343430349621,9.17173918363413
2020-03-15,0,5,1,0,3,2,10,0,0,1,3001.787474503664,5095.275539057631,22942.431651604504,15,1,9732.276824351298,9.18320314825342
2020-03-16,0,6,1,0,3,2,11,0,1,1,4494.321052884484,2188.4582787057316,28093.197853393693,16,2,10521.212653098064,9.261148750855526
2020-03-17,0,7,1,0,3,2,11,0,0,0,8651.575451691155,2188.405506707065,22718.537821077287,16,0,10857.680469350526,9.292627985901097
2020-03-18,0,8,1,0,1,3,13,0,0,0,1236.1010406641617,10062.562795121208,17609.903034174862,17,0,8990.467624820074,9.103920142221893
2020-03-19,0,9,1,0,3,1,15,0,0,1,5195.043525092617,1033.4246374179297,22844.100387524784,19,1,9311.118066169345,9.138964456096971
2020-03-20,0,10,1,0,2,4,17,0,0,0,1057.0836938691039,2243.9446644882046,30524.663487196132,23,0,10376.750779557127,9.24732308069908
2020-03-21,0,11,1,0,2,3,19,0,0,0,1057.0836938691039,1044.178094007061,31132.270970728,24,0,10370.289673733965,9.246700234655414
2020-03-22,0,12,1,0,3,3,24,0,0,2,3053.9028995081508,1007.7323888054987,30391.865851874325,30,2,10604.584288258244,9.26904166663199
2020-03-23,0,13,1,0,4,2,27,0,0,0,8380.54034638348,1,35795.58467113486,33,0,13829.667362616103,9.534571372497977
2020-03-24,0,14,1,0,4,2,32,0,0,0,12606.065614957664,1,41111.225092679015,38,0,16404.986503171687,9.70534062266836
2020-03-25,0,15,1,0,4,3,33,0,0,1,5196.865571429584,6323.71083814633,41047.84911834302,40,1,16994.519643643915,9.740646197161418
2020-03-26,0,16,1,0,7,2,33,0,0,1,10770.570200275663,1,51753.0271705532,42,1,19963.422894450996,9.901657022861066
2020-03-27,0,17,1,0,8,2,39,0,0,1,5223.780829021038,3855.880711026026,74775.74284036408,49,1,26018.577867079515,10.166566095195416
2020-03-28,0,18,1,0,9,3,47,0,0,1,2175.3056501765227,12087.557371988903,82596.04581652072,59,1,29552.192672139543,10.293913222184266
2020-03-29,0,19,1,0,9,3,51,0,0,0,2027.0231215711383,20505.548903837705,72563.95895118729,63,0,28935.095444482275,10.272810512584917
2020-03-30,0,20,0.086,0,9,3,61,0,0,1,5338.934847282104,9341.843285180676,77206.89634500621,73,1,27763.83462190398,10.23148953987582
2020-03-31,0,21,0.086,0,9,3,67,0,0,0,15937.101179761508,4924.42782765615,101288.81962433834,79,0,38613.162553563314,10.561348496123022
2020-04-01,0,22,0.086,0,8,2,68,0,0,0,24138.699804484204,7469.119850235701,116366.19795825188,78,0,44971.044174512186,10.713774098852808
2020-04-02,0,23,0.086,0,8,2,71,0,0,2,29079.377570064247,8887.864167054613,126595.2608963626,81,2,49979.53530264401,10.819368906679534
2020-04-03,0,24,0.086,0,11,2,75,0,0,0,33156.29239002983,4960.403123751297,125939.76364497349,88,0,50965.69671154349,10.838908071901372
2020-04-04,0,25,0.086,0,12,2,78,0,0,3,29350.9039922814,2209.8841847532112,127275.20581437297,92,3,48868.04937154897,10.796879074827709
2020-04-05,0,26,0.086,0,12,2,82,0,0,2,15706.509400022363,2043.222595056423,138394.14610015182,96,2,48120.86546228706,10.78147115542744
2020-04-06,0,27,0.086,0,14,2,84,2,0,2,9987.732665130376,2006.7368837710783,162251.70181108394,100,4,55869.4526605141,10.930773045743566
2020-04-07,0,28,0.086,0,15,2,85,0,0,1,16115.070517082262,2000.7461889477386,182138.98693143064,102,1,62702.33887303439,11.046154028525518
2020-04-08,0,29,0.086,0,15,2,90,0,0,2,21226.770745364476,2000.055252054742,194667.36832341348,107,2,69234.25464111571,11.14525102839377
2020-04-09,0,30,0.086,0,15,3,92,0,1,3,23278.30209962247,2000.002455866697,182275.83030137737,110,4,65055.062295537085,11.082989302519733
2020-04-10,0,31,0.086,0,13,3,90,1,0,0,29737.172742398612,2000.0024545070319,180579.56379142543,106,1,67665.3859321748,11.122330042065977
2020-04-11,0,32,0.086,0,17,3,94,1,0,0,42432.30167428953,3242.1943930340058,155511.33891281992,114,1,62269.82443604258,11.039232228463817
2020-04-12,0,33,0.086,0,17,4,95,0,0,1,38964.423098470106,7445.342342355425,132439.91722514527,116,1,53992.212463324366,10.896595101504483
2020-04-13,0,34,0.086,0,18,4,100,0,0,1,30451.536368830577,10715.380624386187,143388.18432385725,122,1,56500.21086639456,10.941999649276145
2020-04-14,0,35,0.086,0,18,4,104,0,0,3,32544.71401226487,11265.612652772794,180293.66348710572,126,3,69965.9919592784,11.15576457382511
2020-04-15,0,36,0.086,0,19,4,104,0,0,0,36365.598935833325,9541.92501947184,187999.8944757314,127,0,72037.10511210066,11.184936614030791
2020-04-16,0,37,0.086,0,19,3,103,0,0,1,31728.545469178316,4821.436192894501,167086.06104073263,125,1,63127.4075897964,11.052910305886726
2020-04-17,0,38,0.086,0,22,4,102,0,0,1,30940.619828828385,4603.380640871467,157663.96076089898,128,1,60039.91233690232,11.00276482566809
2020-04-18,0,39,0.086,0,21,4,103,0,0,1,36339.206482055764,8531.754946792487,168358.58186394247,128,1,66193.2995596472,11.100334521691435
2020-04-19,0,40,0.086,0,23,5,97,0,0,0,50551.280322396975,11298.960854519104,164316.5739893829,125,0,70106.83404978641,11.157775558282058
2020-04-20,0,41,0.086,0,21,7,98,0,0,0,53946.63460906095,12122.1622735237,144190.73890047925,126,0,66990.22889519125,11.112302050352593
2020-04-21,0,42,0.086,0,23,8,99,0,0,1,44331.89120898135,12970.073589882455,155174.14190413652,130,1,64848.91949791182,11.079815528046984
2020-04-22,0,43,0.086,0,24,8,101,0,0,4,36321.68950970003,13333.827979251271,146924.85645829522,133,4,60934.92441381515,11.01756176081727
2020-04-23,0,44,0.086,0,24,9,103,0,1,2,37069.88477181331,13800.438847017629,148510.95108620802,136,3,62907.65805824607,11.049423185011277
2020-04-24,0,45,0.086,0,22,9,102,1,0,3,40086.72552037801,16618.14575927986,163550.07886301298,133,4,70711.65926516545,11.166365750101013
2020-04-25,0,46,0.086,0,23,9,107,0,0,2,38800.279962270826,19331.754882898345,181185.65350621258,139,2,73847.02607875202,11.209751017395828
2020-04-26,0,47,0.086,0,24,8,106,0,1,2,45007.577939803436,15834.798801975485,185222.33343812078,138,3,73983.71442325698,11.211600272604779
2020-04-27,0,48,0.086,0,25,8,107,1,1,4,54629.158606048586,9388.003126001815,178776.3576789524,140,6,74939.4304001927,11.224435471574099
2020-04-28,0,49,0.086,0,27,8,104,1,0,0,51993.52781736611,8645.22011531447,196600.42394858395,139,1,80207.05820711282,11.292366797552152
2020-04-29,0,50,0.086,0,29,9,103,0,0,2,42317.96080489575,14033.119439295673,232659.50964581734,141,2,91157.11355101358,11.42033981931086
2020-04-30,0,51,0.086,0,31,8,116,0,0,1,41220.09953324911,17812.130159954275,212089.6673079404,155,1,81777.02053460383,11.311751560564849
2020-05-01,0,52,0.086,0,33,8,116,1,0,1,48330.96993832172,30791.74221975949,199986.2197207459,157,2,83871.45174036581,11.337040569240429
2020-05-02,0,53,0.086,0,32,8,120,0,1,2,48472.765250139324,14240.712464070513,186103.06938885018,160,3,80373.03141388603,11.294433968722226
2020-05-03,0,54,0.086,0,31,7,123,2,1,1,46925.8506430531,6109.885459637716,212733.01801388813,161,4,79811.82361561523,11.287426938071674
2020-05-04,0,55,0.086,0,31,7,121,1,1,2,49561.73844348305,7303.973523634257,202843.38333935637,159,4,83519.74759245737,11.332838380990939
2020-05-05,0,56,0.086,0,32,7,118,2,1,2,57938.47161613359,11501.134898520362,189801.89026339806,157,5,81175.39186500965,11.304367424369431
2020-05-06,0,57,0.086,0,33,6,117,0,0,2,67377.52563340645,11494.46902186505,204832.59048698755,156,2,88142.09263084686,11.386705480238565
2020-05-07,0,58,0.086,0,34,6,119,0,0,3,64925.05381382383,10004.220541534214,226213.3160358497,159,3,96099.28646476164,11.473137170006382
2020-05-08,0,59,0.086,0,33,4,122,1,0,5,59712.77551476383,10260.191610975837,221384.84948481736,159,6,91376.90814050549,11.422748079356674
2020-05-09,0,60,0.086,0,29,3,122,2,0,2,57918.290811692634,10106.581327873591,199843.0392486613,154,4,81739.13815837608,11.31128821336775
2020-05-10,0,61,0.086,0,28,3,119,2,0,3,62521.61744749471,6012.98902758056,187009.69673183814,150,5,80061.35230277038,11.290548523520204
2020-05-11,0,62,0.086,0,27,3,116,0,0,4,62994.946711917226,3220.175605231432,164817.11214641773,146,4,71567.19318155474,11.17839205215663
2020-05-12,0,63,0.086,0,27,2,113,0,0,1,69268.43223271822,2044.8100715525507,168000.22171202052,142,1,75418.8340284047,11.230812310979305
2020-05-13,0,64,0.086,0,27,2,113,2,1,3,51404.001080244925,2006.9275280344837,177429.6988230929,142,6,71179.43538888927,11.172959226873258
2020-05-14,0,65,0.086,0,28,2,107,2,0,2,35511.380114330306,2000.763825624874,188830.70456276258,137,4,69090.65521725955,11.14317476497036
2020-05-15,0,66,0.089,0,27,2,103,1,0,2,27877.878637595204,2000.0564859603596,200421.93990877367,132,3,73360.81973883865,11.203145281061463
2020-05-16,0,67,0.089,0,26,3,97,1,0,1,30449.276570357157,2000.002519034414,160356.95066384133,126,2,60562.85083451314,11.01143696154948
2020-05-17,0,68,0.089,0,25,3,99,0,0,2,38475.46996307464,3996.821662375997,152471.20993732757,127,2,61521.33341965253,11.02713927851636
2020-05-18,0,69,0.089,0,24,2,100,0,0,4,42162.00701469087,7322.710838196729,184698.60427016727,126,4,73536.2702104273,11.20553403573425
2020-05-19,0,70,0.089,0,25,2,99,3,0,1,40338.34714480329,9597.797398431263,188220.645682104,126,4,77059.65630739491,11.252335158105252
2020-05-20,0,71,0.089,0,22,1,97,1,0,5,30740.768562641184,4196.863116985792,168175.29130760496,120,6,63828.77871422961,11.063959444653765
2020-05-21,0,72,0.089,0,22,1,94,0,0,2,26425.93861659222,1172.7727522602527,154420.74861644767,117,2,58194.74882196463,10.971550403222155
2020-05-22,0,73,0.089,0,19,1,95,0,0,2,19114.265574867644,1026.917712035246,147079.46233800732,115,2,52505.27639273285,10.868668946248377
2020-05-23,0,74,0.089,0,16,1,95,0,0,3,15460.257439803725,1002.5328979162699,132541.41518822886,112,3,48126.21303076508,10.781582277106503
2020-05-24,0,75,0.089,0,15,1,91,1,0,1,18497.751989158114,1000.1054095358921,130564.94197492678,107,2,47766.24969999583,10.774074595870609
2020-05-25,0,76,0.089,0,13,0,87,0,0,2,17529.97324508479,0,136709.23745062525,100,2,49791.89681343652,10.815607535183661
2020-05-26,0,77,0.089,0,12,0,87,0,0,5,12842.379587613841,0,139308.5674459808,99,5,46951.50958653097,10.756870637187262
2020-05-27,0,78,0.089,0,12,0,86,0,0,2,10520.098633858,0,130989.1554606502,98,2,45073.16007076842,10.71604222795427
2020-05-28,0,79,0.089,0,9,0,85,0,0,3,13095.19728698709,0,124186.42425793534,94,3,44074.41822634447,10.693634807549788
2020-05-29,0,80,0.089,0,9,0,80,0,0,2,34032.32271212235,0,121007.40872030822,89,2,47073.68710261789,10.759469463654074
2020-05-30,0,81,0.089,0,6,0,78,0,0,2,17638.499127784555,0,133942.11189223037,84,2,45951.94897787575,10.735351542072054
2020-05-31,0,82,0.089,0,4,0,78,0,0,1,5622.572203110708,0,157774.88090774932,82,1,52841.2740724588,10.875047870239193
2020-06-01,0,83,0.089,0,5,0,77,0,0,0,5503.6548196988315,0,132218.77024083174,82,0,42802.235498416136,10.664345611477287
2020-06-02,0,84,0.089,0,5,0,73,0,0,4,9517.50820620748,0,111670.46591342105,78,4,36890.72280884468,10.515715384024269
2020-06-03,0,85,0.089,0,4,0,67,0,0,2,9456.079781623797,0,101294.71274258218,71,2,34407.72765142783,10.44603645916335
2020-06-04,0,86,0.089,0,4,0,68,0,0,2,7984.285014989804,0,104183.50476191725,72,2,35929.70683142121,10.48931972063707
2020-06-05,0,87,0.089,0,4,0,63,0,0,1,9652.955696447627,0,107405.05818278878,67,1,37635.394778956936,10.535700237089634
2020-06-06,0,88,0.089,0,3,0,61,0,0,1,9786.946210314418,0,108653.83586942524,64,1,35686.83266798669,10.482537066902669
2020-06-07,0,89,0.089,0,3,0,60,0,0,2,5920.762094706662,0,111576.34173831383,63,2,35388.08508724237,10.474130463009857
2020-06-08,0,90,0.089,0,3,0,55,0,0,5,3218.5897020960965,0,94737.31473129475,58,5,31150.20149561543,10.346575992753761
2020-06-09,0,91,0.089,0,3,0,51,0,0,2,3047.076705372169,0,93925.41602062099,54,2,30513.13142714188,10.32591240853517
2020-06-10,0,92,0.089,0,3,0,51,0,0,2,3007.9030627951843,0,86727.0977675464,54,2,27333.829823526674,10.215880401688677
2020-06-11,0,93,0.089,0,4,0,52,0,0,0,3000.983506855195,0,63904.42734207793,56,0,20901.506471512523,9.947576515331942
2020-06-12,0,94,0.8,0.1,4,0,51,1,0,2,3000.087336400295,0,58468.74920749095,55,3,18513.377270694902,9.826248845471909
2020-06-13,0,95,0.8,0.1,4,0,54,0,0,1,3000.0052384623086,0,69169.37611202031,58,1,21688.839784816326,9.984553111602608
2020-06-14,0,96,0.8,0.1,4,0,51,0,0,0,3000.0001904581836,0,64645.08005172795,55,0,21020.309688322835,9.953244377353945
2020-06-15,0,97,0.8,0.1,4,0,52,0,0,2,5221.416752485342,0,58375.47342272902,56,2,19564.42311921282,9.881468048864186
2020-06-16,0,98,0.8,0.1,2,0,50,0,0,1,7438.7777043060505,0,59987.03341704996,52,1,21395.822571278553,9.970950975004985
2020-06-17,0,99,0.8,0.1,2,0,45,0,0,0,8519.755456524474,0,66897.71332975564,47,0,22669.945022646112,10.028795318383773
2020-06-18,0,100,0.8,0.1,2,0,47,0,0,0,4838.272563909273,0,79847.1116948668,49,0,26488.505430255704,10.184466160525542
2020-06-19,0,101,0.8,0.1,2,0,48,0,0,1,2228.126128808571,0,88946.6343402954,50,1,27533.636854170632,10.223163694539423
2020-06-20,0,102,0.8,0.1,3,0,48,0,0,2,2052.714834253708,0,89080.6422808554,51,2,27520.523103169173,10.222687299975973
2020-06-21,0,103,0.8,0.1,3,0,54,0,0,2,2009.8332477269855,0,91019.97244778041,57,2,27933.585846103513,10.237585037597848
2020-06-22,0,104,0.8,0.1,3,0,57,1,0,1,2001.4280293253332,0,87345.98907524359,60,2,28873.521989029105,10.27068025998689
2020-06-23,0,105,0.8,0.1,4,0,60,0,0,2,2000.1585693109096,0,95110.2605875518,64,2,29712.52286345465,10.299323881157582
2020-06-24,0,106,0.8,0.1,4,0,64,0,0,2,2000.1585693109096,0,111832.4424595947,68,2,34407.459226731204,10.446028657841904
2020-06-25,0,107,0.8,0.1,4,0,68,0,0,2,4260.641651549331,0,122455.49963485339,72,2,38607.97588755198,10.561214163319239
2020-06-26,0,108,0.8,0.1,4,0,70,0,0,4,10755.000446317114,0,115637.63932104646,74,4,39388.85037108833,10.581238069732699
2020-06-27,0,109,0.8,0.1,4,0,77,0,0,1,15831.142358692283,0,132199.42173809162,81,1,46938.7065468013,10.756597913567353
2020-06-28,0,110,0.8,0.1,3,1,80,0,0,1,9211.342070102399,3786.934322747782,164072.61652456416,84,1,53676.64404953022,10.890733251985033
2020-06-29,0,111,0.8,0.1,2,1,84,0,0,0,4732.539090197395,1236.1010406641617,184182.15549376377,87,0,60637.28934812924,11.012665318593683
2020-06-30,0,112,0.8,0.1,1,1,86,0,0,2,1244.5266047745592,1057.0836938691039,180649.42703327007,88,2,58273.17311775877,10.972897114081949
2020-07-01,0,113,0.1,0.1,1,1,94,0,0,8,1061.8901203969544,1011.3937844454113,170988.06049303515,96,8,54485.334993156845,10.905686861747721
2020-07-02,0,114,0.1,0.1,1,2,96,0,0,2,1013.2067153364184,1001.8224493126474,142756.83199828624,99,2,44816.13765719921,10.710323569103508
2020-07-03,0,115,0.1,0.1,1,2,97,0,0,3,1002.3180237027808,1000.2312382446855,130836.37668472569,100,3,41500.398927165515,10.633458318875372
2020-07-04,0,116,0.1,0.1,7,5,86,0,0,1,6022.03400657653,4100.786595965256,143011.9191154476,98,1,47899.79401637135,10.776866483105238
2020-07-05,0,117,0.1,0.1,8,5,87,0,0,1,8015.886153563036,8388.163929144686,164322.07666784554,100,1,56254.389774088486,10.93763935744991
2020-07-06,0,118,0.1,0.1,9,5,84,0,0,2,12341.52922531023,12275.640523157443,164117.96954690153,98,2,57922.588902126,10.966862723956499
2020-07-07,0,119,0.1,0.1,8,8,88,0,1,2,13609.858415335093,14595.294029937812,163250.48891539732,104,3,60855.271270596786,11.01625372195375
2020-07-08,0,120,0.1,0.1,7,9,86,1,0,4,10378.973277785813,17764.2675886486,152098.92060397624,102,5,55686.98472980029,10.927501731282371
2020-07-09,0,121,0.1,0.1,6,9,83,0,0,6,13471.195239665305,17250.03409456048,151060.94571399383,98,6,54614.93502125697,10.908062659516924
2020-07-10,0,122,0.1,0.1,6,9,86,0,0,3,18355.41107196654,14694.028049518183,163457.12528248964,101,3,59407.216766398386,10.992170992354703
2020-07-11,0,123,0.1,0.1,8,9,92,0,0,3,15469.825555849337,14263.766289384723,169450.10084150254,109,3,60682.78455041969,11.013415321506823
2020-07-12,0,124,0.1,0.1,7,8,93,0,0,3,8058.761680933949,13365.941975346454,155355.05993002324,108,3,56358.43613282564,10.939487217806944
2020-07-13,0,125,0.1,0.1,6,8,91,0,1,3,4276.112949102149,11665.431652310417,131649.6491537936,105,4,45656.152831878215,10.728893659676295
2020-07-14,0,126,0.1,0.1,6,8,87,0,0,6,9770.81179340556,10152.647146287685,140323.42681335512,101,6,48482.791622209064,10.78896420205172
2020-07-15,0,127,0.1,0.1,6,8,84,0,0,0,21338.67963461927,10712.428923998934,120951.62896359616,98,0,47697.67746302381,10.772637985188366
2020-07-16,0,128,0.1,0.1,6,8,84,0,0,3,24394.410087964407,13705.579452006503,127339.88695027045,98,3,52009.49178669033,10.859181515265625
2020-07-17,0,129,0.1,0.1,6,8,82,0,0,3,11567.12695672009,14238.865765847642,148456.3664198371,96,3,52877.30827774928,10.875729570766856
2020-07-18,0,130,0.1,0.1,6,8,84,0,1,4,6320.283212715872,14477.732515147525,161082.48348054106,98,5,55250.93992941991,10.919640631532484
2020-07-19,0,131,0.1,0.1,6,8,82,0,1,3,5336.232969009193,16359.33275446371,155171.15424678926,96,4,54113.19229551961,10.898833285302395
2020-07-20,0,132,0.1,0.1,5,7,83,0,0,2,4072.515870873934,18010.023246434812,132647.879352271,95,2,49871.042391851835,10.817195800504432
2020-07-21,0,133,0.1,0.1,6,7,81,0,0,2,6272.9900772490555,15498.242897279531,116140.5658369193,94,2,43684.408143794724,10.684746524369721
2020-07-22,0,134,0.1,0.1,8,8,82,0,0,3,10453.311016295378,9191.446130424263,125267.83946415603,98,3,44308.49890863731,10.698931786586009
2020-07-23,0,135,0.1,0.1,10,8,81,1,0,1,14949.105756580684,8344.426117707575,136243.1618114956,99,2,51334.25054707376,10.846113460368167
2020-07-24,0,136,0.1,0.1,11,9,81,0,0,2,21978.205593084753,12398.870125636808,146390.64168173852,101,2,54693.7581045602,10.909504870464868
2020-07-25,0,137,0.1,0.1,11,9,86,0,1,3,25231.8216855705,14621.854749027354,154044.16329644836,106,4,62394.466726415565,11.041231876169563
2020-07-26,0,138,0.1,0.1,11,10,86,0,1,1,25312.30589241168,10213.141582222022,151493.5595241072,107,2,59095.98768297706,10.986918310784581
2020-07-27,0,139,0.1,0.1,12,9,88,2,0,1,31749.035271450317,11467.992730864995,154085.3167535181,109,3,63407.69786565472,11.057340550494166
2020-07-28,0,140,0.1,0.1,10,9,87,0,0,4,35515.02761417505,21207.66723657765,165019.38453511577,106,4,68008.8982610763,11.127393832377775
2020-07-29,0,141,0.1,0.1,10,9,89,0,0,1,24528.469760841333,26721.33077924742,191156.016835862,108,1,75254.30249151864,11.228628356943664
2020-07-30,0,142,0.1,0.1,11,9,87,0,0,3,12501.175752937836,21484.50570323666,168042.28287421152,107,3,63300.80391603175,11.05565330814691
2020-07-31,0,143,0.1,0.1,10,8,88,1,0,1,10690.598399703526,11518.864017339338,152077.40380624586,106,2,56125.82927788552,10.935351400487924
2020-08-01,0,144,0.1,0.1,13,5,87,0,1,6,14555.931876505929,5330.072548615008,135959.49934252223,105,7,48441.2298555108,10.788106586599698
2020-08-02,0,145,0.1,0.1,14,6,87,1,0,5,15241.852180976872,7451.810729511582,124043.88777032658,107,6,44396.699575421866,10.700920411770522
2020-08-03,0,146,0.1,0.1,14,6,86,1,0,4,13994.251588421019,11646.299711669551,121095.82932887592,106,5,44301.71430222064,10.698778652851553
2020-08-04,0,147,0.1,0.1,14,7,85,0,1,2,15694.939628966598,12723.94698361013,153310.19998221475,106,3,55798.78424522218,10.929507360412014
2020-08-05,0,148,0.1,0.1,14,6,78,1,0,3,17725.81259808328,8039.6228143787785,161145.32673319668,98,4,59558.14475328094,10.994708337106635
2020-08-06,0,149,0.1,0.1,15,8,78,0,0,0,26298.05049037425,5431.388432072924,152104.2877759329,101,0,56630.79345087388,10.944308170149972
2020-08-07,0,150,0.1,0.1,12,7,79,0,0,2,38548.59648703724,4055.715795667646,140420.2392463151,98,2,57385.21481198467,10.95754196745506
2020-08-08,0,151,0.1,0.1,13,8,79,0,0,3,38629.443518140746,4012.8333225318142,118789.98539940255,100,3,50946.76892268684,10.838536620009664
2020-08-09,0,152,0.1,0.1,13,9,74,0,0,1,22108.761600292735,4004.428034322434,109658.10006304862,96,1,40768.57647100709,10.615666879113629
2020-08-10,0,153,0.1,0.1,15,9,72,2,0,2,16279.926981319728,5002.317138908941,99136.63051437691,96,4,36453.97789168836,10.503805864313206
2020-08-11,0,154,0.1,0.1,15,11,78,0,2,0,23532.651828237973,9370.40700264604,102239.29557574772,104,2,42620.52910791301,10.660091320120669
2020-08-12,0,155,0.1,0.1,16,12,77,0,0,1,24293.28983736362,17826.034283310757,109901.06875456138,105,1,49197.96328206209,10.803607504917476
2020-08-13,0,156,0.1,0.1,16,13,73,0,0,1,21123.57393720549,25014.74133496972,116713.74815601979,102,1,49384.15325060682,10.80738486731302
2020-08-14,0,157,0.1,0.1,17,13,70,0,1,2,25382.6411596773,24723.446222132345,118701.70352054064,100,3,52136.02328421127,10.861611414617366
2020-08-15,0,158,0.15,0.1,19,14,73,0,0,3,32673.009473029826,25740.923218534426,149357.22138767244,106,3,62890.421738054414,11.049149153478721
2020-08-16,0,159,0.15,0.1,18,12,74,0,0,3,27164.093110099635,30493.935525773144,155704.76983147766,104,3,65743.47918888983,11.093515769287388
2020-08-17,0,160,0.15,0.1,19,12,66,0,0,3,21802.807954456148,42267.87998951107,169162.73286585324,97,3,72799.34962152157,11.195462300374563
2020-08-18,0,161,0.15,0.1,18,15,68,2,0,3,19936.452091718023,41860.35949390564,147795.28403337995,101,5,63909.656300123825,11.065225744756667
2020-08-19,0,162,0.15,0.1,18,18,69,0,2,4,15634.689378270714,26260.207516394432,110368.69500563873,105,6,47982.307790891566,10.77858763425513
2020-08-20,0,163,0.15,0.1,19,21,68,0,0,2,20786.861623184854,14721.124205152619,97360.28735112074,108,2,40734.22547261977,10.614823938758153
2020-08-21,0,164,0.15,0.1,19,19,67,0,0,5,30496.924287003974,11868.47683594531,108568.05213551855,105,5,45868.067286883816,10.733524452125023
2020-08-22,0,165,0.1,0.1,19,20,66,0,0,3,34465.004230544844,19232.935859007608,109271.82347654922,105,3,49293.79273180782,10.805553444026774
2020-08-23,0,166,0.1,0.1,18,20,63,1,0,1,32468.74891254932,30084.620766438962,101421.02463722648,101,2,50901.02111458431,10.837638263527653
2020-08-24,0,167,0.1,0.1,17,22,60,1,0,2,35049.38744338616,37116.25992573633,88826.01898984941,99,3,49471.96352385237,10.809161394637886
2020-08-25,0,168,0.1,0.1,15,22,59,0,1,0,43576.34846907354,46215.162238373254,88983.2063307317,96,1,56790.86253942559,10.94713072098339
2020-08-26,0,169,0.1,0.1,15,23,58,2,0,3,48419.64826633408,41820.49401695798,91836.75080625831,96,5,56214.40461671739,10.936928312946014
2020-08-27,0,170,0.1,0.1,16,23,54,0,0,2,39634.99534248171,41616.861630650856,88004.1832403749,93,2,53801.15973768546,10.893050302380093
2020-08-28,0,171,0.1,0.1,18,22,53,0,0,4,27746.86694221055,36959.60626569916,85818.29701952737,93,4,45960.92603340015,10.735546880441175
2020-08-29,0,172,0.1,0.1,19,21,52,0,1,1,22854.265923939456,33493.27078112519,83299.22269367933,92,2,43404.15644944978,10.678310486227423
2020-08-30,0,173,0.1,0.1,20,22,49,0,1,2,24244.447974080696,36788.642649274305,74944.29375912983,91,3,41797.368211624955,10.640588655086313
2020-08-31,0,174,0.1,0.1,21,23,47,2,0,1,31710.413646074125,35626.32851681505,65955.24823885068,91,3,41241.56821367536,10.627201963927677
2020-09-01,0,175,0.1,0.1,21,23,46,0,0,0,44824.199581433466,27956.326028128984,77278.4482597509,90,0,45582.98885086894,10.727289874385418
2020-09-02,0,176,0.1,0.1,21,22,48,0,0,0,39908.37422260023,33402.46928603753,78463.98765624658,91,0,48244.65565289211,10.784040336961754
2020-09-03,0,177,0.1,0.1,22,21,48,0,1,1,31878.268724481455,50595.62889847251,78848.4702661171,91,2,50850.61854369588,10.836647565487205
2020-09-04,0,178,0.1,0.1,19,21,48,3,2,3,26149.336098599168,55739.67037649127,66285.26898084237,88,8,47162.12609810376,10.761346436292108
2020-09-05,0,179,0.1,0.1,19,23,48,0,1,1,30287.79161131759,49690.60298247795,66647.65037947225,90,2,47290.09064402733,10.764056052405536
2020-09-06,0,180,0.1,0.1,21,23,45,0,1,1,34316.72535355579,34632.46573748196,76713.44255918496,89,2,46070.35587329349,10.737924982521216
2020-09-07,0,181,0.1,0.1,17,23,42,0,1,1,30968.375276570696,31709.23993391259,84857.55529168404,82,2,46011.44776359235,10.736645508935538
2020-09-08,0,182,0.1,0.1,17,26,42,0,0,0,22893.87685005527,39063.72445491772,79825.13648904952,85,0,45294.39802899772,10.72093864000509
2020-09-09,0,183,0.1,0.1,20,25,44,1,1,3,15065.177180812554,41544.87424579697,76968.42005249401,89,5,42238.6786432374,10.65109163577052
2020-09-10,0,184,0.1,0.1,21,23,45,2,0,2,19034.90523856283,36233.84378434,75609.82323693774,89,4,41149.64994243174,10.624970699202246
2020-09-11,0,185,0.1,0.1,25,22,45,0,2,1,33663.08161115797,30972.117766825093,68922.8756511382,92,3,43189.43175800231,10.673351109072694
2020-09-12,0,186,0.1,0.1,28,20,43,1,0,3,42485.25492446128,25796.465670083777,65491.341004662725,91,4,41248.814995136374,10.627377663959555
2020-09-13,0,187,0.1,0.1,29,19,45,0,1,0,39883.627990494206,24515.791703470113,70761.43064235251,93,1,42898.74162883348,10.666597771824673
2020-09-14,0,188,0.1,0.1,29,18,46,2,0,1,45944.24289418305,26142.975287819147,71971.71747695547,93,3,45125.83353206599,10.717210167089315
2020-09-15,0,189,0.1,0.1,33,18,49,1,0,2,65346.61095547663,28679.497722917316,65423.436459354816,100,3,49906.878103415846,10.817914109984665
2020-09-16,0,190,0.1,0.1,33,19,46,0,1,1,70827.28742766716,32771.61474531902,62960.67282258208,98,2,50139.90529136273,10.82257248282663
2020-09-17,0,191,0.1,0.1,33,19,46,0,1,0,52526.75930226877,39188.828341350454,73643.6718657362,98,1,51840.312926597355,10.855923367400633
2020-09-18,0,192,0.1,0.1,37,19,48,1,1,1,38406.971271040326,36709.53355926273,87539.51400480818,104,3,50490.407000077765,10.829538636824191
2020-09-19,0,193,0.1,0.1,38,17,49,1,1,0,54861.94736137907,28156.812667672217,90793.15995401562,104,2,54717.43681852003,10.90993770943251
2020-09-20,0,194,0.25,0.1,41,17,48,3,0,1,81896.26154462229,30163.01892067826,76748.58956310611,106,4,57883.00389418256,10.96617907805427
2020-09-21,0,195,0.25,0.1,44,15,50,1,0,3,90107.69764053261,28260.856529209697,69105.39689472207,109,4,57732.09957954362,10.963568616344686
2020-09-22,0,196,0.25,0.1,44,15,49,2,1,2,80876.5954500806,23283.873106326977,71237.55006716147,108,5,54830.150878884364,10.911995520152184
2020-09-23,0,197,0.25,0.1,48,13,48,0,0,2,85876.41143816726,20241.368980636158,82586.11585213868,109,2,58802.70360541119,10.981943112513548
2020-09-24,0,198,0.25,0.1,49,13,49,1,0,1,90084.9788411287,22257.430824745916,102892.1947146431,111,2,65902.77862802932,11.095935883911714
2020-09-25,0,199,0.25,0.1,55,11,47,0,1,1,86031.26729622128,19060.398143859966,115728.07949062677,113,2,67229.41231259765,11.115866113979058
2020-09-26,0,200,0.25,0.1,59,12,49,4,1,2,81350.2131227161,25282.351931983943,101017.40744272555,120,7,64421.81745994881,11.073207635153299
2020-09-27,0,201,0.25,0.1,59,12,49,1,0,1,88344.11685794154,25880.634791914847,73449.38429831433,120,2,60290.81440998277,11.006935039602247
2020-09-28,0,202,0.25,0.1,61,14,52,1,1,4,111212.71706531057,22577.915344226112,61842.751267293934,127,6,60712.06331160037,11.013897693901765
2020-09-29,0,203,0.25,0.1,63,14,55,1,0,2,120052.90004932169,21600.930281684814,66216.2334019975,132,3,63711.124495734555,11.062114465178198
2020-09-30,0,204,0.25,0.1,65,14,60,2,1,0,130185.43573823804,22803.46589288044,75819.18803193756,139,3,73914.16486390121,11.21065976467028
2020-10-01,0,205,0.25,0.1,66,17,57,1,0,1,116455.73510489937,28558.555115055304,79148.23857723652,140,2,71984.40815285985,11.18420482111461
2020-10-02,0,206,0.25,0.1,68,17,56,2,1,0,111663.35110111875,18198.143174532583,87297.51743769014,141,3,69693.10871153673,11.151856721150924
2020-10-03,0,207,0.25,0.1,71,19,59,1,1,4,120040.8675057137,14357.099969439094,106060.2946337432,149,6,77253.31407442466,11.254845094479586
2020-10-04,0,208,0.25,0.1,73,19,63,1,0,1,101368.11442869873,22120.898887094067,116807.97891329732,155,2,74198.64958955214,11.214501229388134
2020-10-05,0,209,0.25,0.1,68,18,62,3,0,2,100357.15875894837,34529.22978579699,124083.43574343411,148,5,78512.18545236577,11.27100912041633
2020-10-06,0,210,0.25,0.1,71,17,62,0,0,1,118952.2146455261,41406.844481502645,130084.97486717226,150,1,87184.34319717428,11.37578004328483
2020-10-07,0,211,0.25,0.1,74,18,62,2,0,1,130279.05330381978,37627.49829546914,122410.12255157006,154,3,91895.77926716307,11.428410379837102
2020-10-08,0,212,0.25,0.1,69,19,61,3,0,1,129013.97085932137,27744.23910093187,132583.83793273324,149,4,87192.42468322569,11.375872733224615
2020-10-09,0,213,0.25,0.1,67,20,60,1,1,2,130302.48712855343,23895.436096761397,116744.64753241566,147,4,83855.22119433206,11.336847033581485
2020-10-10,0,214,0.25,0.1,69,21,61,2,1,6,109150.35126747654,27066.155116987935,94461.3621910934,151,9,73559.33924528546,11.205847696150528
2020-10-11,0,215,0.25,0.1,69,19,58,1,0,3,84885.69578838159,30970.17741227168,84256.60987903003,146,4,64666.257916949544,11.076994828485464
2020-10-12,0,216,0.25,0.1,70,18,61,4,0,2,79372.52934947608,34709.24328375652,89886.57511919229,149,6,64728.19294046553,11.07795213427154
2020-10-13,0,217,0.25,0.1,73,18,64,4,0,3,96978.22195020498,35105.37970099773,87303.7557423504,155,7,68906.06951845183,11.140499544826575
2020-10-14,0,218,0.25,0.1,74,20,66,1,1,2,115126.47527255394,37722.17147814664,92924.91323561333,160,4,77297.57113561903,11.255417812809139
2020-10-15,0,219,0.25,0.1,75,21,69,3,0,5,125651.4227648709,42531.937281813065,97913.32134535704,165,8,83830.55883329299,11.33655288387824
2020-10-16,0,220,0.25,0.1,75,18,68,1,0,1,131980.10410928095,37209.86398291639,95728.6320996974,161,2,85024.67607354397,11.35069680008918
2020-10-17,0,221,0.25,0.1,74,20,60,1,0,2,154331.34642878923,35197.6621624167,98274.3481286125,154,3,91566.91769550636,11.424825324898643
2020-10-18,0,222,0.25,0.1,74,19,59,3,2,1,161210.692078508,28461.554323064564,116610.86353264851,152,6,96776.84397612259,11.480163029525468
2020-10-19,0,223,0.25,0.1,77,18,65,2,2,1,148092.01260356134,24009.164557903983,128071.05910935673,160,5,96788.55051020066,11.480283986415756
2020-10-20,0,224,0.25,0.1,79,18,65,1,0,2,137689.32470221573,25294.57269256752,116008.93959071432,162,3,87756.13183895536,11.382317017393337
2020-10-21,0,225,0.25,0.1,80,19,64,4,1,2,130081.4480793176,27019.827690560716,99440.03461696373,163,7,79524.85963101062,11.283824951523183
2020-10-22,0,226,0.25,0.1,86,20,63,6,0,2,136301.85971140204,27236.872917414097,95461.42148963879,169,8,83181.7826476031,11.328783644271912
2020-10-23,0,227,0.25,0.1,92,20,64,4,1,1,153068.53585316098,30809.92354000008,108454.73918240324,176,6,92180.51226052087,11.431504023435462
2020-10-24,0,228,0.25,0.1,91,22,63,2,0,2,176692.80852257044,35981.492433332394,120024.55847183398,176,4,102227.4830233549,11.534955834723666
2020-10-25,0,229,0.25,0.1,95,24,63,0,0,1,171355.73304859633,47428.63628725577,135279.65973609485,182,1,107905.69873650001,11.589012964833028
2020-10-26,0,230,0.25,0.1,92,27,71,1,1,0,178320.439410759,49348.13237309825,138327.23359899744,190,2,111991.37791826323,11.626177164441248
2020-10-27,0,231,0.25,0.1,92,27,69,2,0,1,192855.97090004638,36505.0982705667,132794.19435695483,188,3,116821.92502474131,11.66840604601307
2020-10-28,0,232,0.25,0.1,95,28,71,1,2,3,186530.01268395415,33675.51786306333,131126.36037664922,194,6,111549.67980361806,11.622225329427318
2020-10-29,0,233,0.25,0.1,94,28,75,3,0,2,161166.21019257884,56600.880793790966,129858.21660941563,197,5,107496.17928889184,11.58521058441956
2020-10-30,0,234,0.25,0.1,90,27,71,1,0,1,141811.91545318844,69007.15256901535,129730.80742360068,188,2,108108.15758228506,11.590887464075973
2020-10-31,0,235,0.3,0.1,91,28,69,3,0,1,133869.89126256874,78599.52603369749,111902.39065131814,188,4,98639.47075860109,11.49922677244063
2020-11-01,0,236,0.3,0.1,91,33,75,1,3,3,139708.06121014815,58576.58123584975,109169.4809216157,199,7,96969.1402430048,11.482148065042981
2020-11-02,0,237,0.3,0.1,92,34,77,1,1,4,140957.29852782196,44013.21483020038,114638.41168471219,203,6,93479.8448887803,11.44550112935296
2020-11-03,0,238,0.3,0.1,102,36,79,4,1,0,129630.29385207922,47555.74654568296,111070.355648183,217,5,92978.79953278154,11.440126784135002
2020-11-04,0,239,0.3,0.1,101,34,78,3,0,3,121645.24874504018,48505.026658503666,108913.44591962981,213,6,88882.43189309104,11.39506978547262
2020-11-05,0,240,0.3,0.1,93,35,76,3,1,1,136392.93903335457,52450.02091249162,121016.53934553273,204,5,94971.05010020277,11.461327388353954
2020-11-06,0,241,0.3,0.1,93,35,76,5,1,4,146262.22602969396,60508.527675307996,136289.24959398192,204,10,106743.36067684426,11.578182734091987
2020-11-07,0,242,0.3,0.1,92,32,82,3,0,4,157704.13173827983,68130.33190904411,140662.55300053002,206,7,110295.158498495,11.610915310338925
2020-11-08,0,243,0.3,0.1,95,36,85,1,0,1,170405.34378037363,65322.12096598449,149671.64827675952,216,2,120929.43079933041,11.702962437907502
2020-11-09,0,244,0.3,0.1,101,36,83,3,1,3,211116.55853264613,47716.6347046264,146409.0587793033,220,7,125977.63644318742,11.743859681634527
2020-11-10,0,245,0.3,0.1,104,36,82,1,1,2,201049.56201483984,41798.83436582948,151613.05342239738,222,4,127011.61614656822,11.752033826979003
2020-11-11,0,246,0.3,0.1,105,35,86,3,2,1,171804.45916869593,55499.43094150475,162095.38851689416,226,6,124803.65343142058,11.73449700877921
2020-11-12,0,247,0.3,0.1,106,33,88,4,1,1,155067.89449149615,67282.55971728516,174707.2823475029,227,6,126640.25577558114,11.74910571425896
2020-11-13,0,248,0.3,0.1,110,33,88,3,1,2,166589.51261652747,63488.483738450355,149770.682656436,231,6,121302.24662976386,11.706040616028258
2020-11-14,0,249,0.3,0.1,110,31,86,1,1,2,191923.0157844651,48433.876528561756,149646.7181785864,227,4,125561.02235446202,11.740547153280673
2020-11-15,0,250,0.12,0.2,117,33,83,1,1,1,208687.88225081514,51267.311971267736,178554.24108299433,233,3,136733.4818253537,11.825788921948941
2020-11-16,0,251,0.12,0.2,126,31,86,3,0,6,196074.83633460035,56321.8498636388,165700.7155025557,243,9,134265.72465252157,11.807576135139692
2020-11-17,0,252,0.12,0.2,125,30,88,3,0,2,202356.41580713636,54056.12079773398,138832.9709550625,243,5,126226.76846549021,11.74583531805076
2020-11-18,0,253,0.12,0.2,130,32,93,4,0,4,244384.15992119772,44655.15546322169,146317.89899171123,255,8,139601.56197203803,11.846547658159261
2020-11-19,0,254,0.12,0.2,132,33,100,4,2,5,258184.014529052,60888.00417422382,178484.38333170902,265,11,153838.92487189252,11.943661391625998
2020-11-20,0,255,0.12,0.4,130,39,99,1,2,1,229823.27263419487,74629.65712206565,209308.86903674988,268,4,163717.24112951243,12.005896079313077
2020-11-21,0,256,0.12,0.4,137,37,101,5,1,3,243163.08529116845,70152.61818076452,193154.43761181872,275,9,156138.94207850064,11.958501544183804
2020-11-22,0,257,0.12,0.4,135,37,109,4,0,1,259134.58455051543,61515.330317361426,163108.6236901248,281,5,152773.3786680838,11.936710917159488
2020-11-23,0,258,0.12,0.4,139,43,112,4,1,3,250616.73339655777,69590.03151805529,141622.6152314307,294,8,146431.44744788323,11.894312662413943
2020-11-24,0,259,0.12,0.4,141,48,112,0,1,1,242763.1891188944,74578.98838916811,156506.58948612487,301,2,151738.53832830125,11.929914176107442
2020-11-25,0,260,0.12,0.4,141,48,113,6,2,5,220289.34031693338,77230.38962275363,183914.41285970132,302,13,145980.85060222074,11.891230731829452
2020-11-26,0,261,0.12,0.8,113,80,112,2,1,2,171471.2833984148,138675.04855491596,192081.8021947541,305,5,158189.98995901653,11.971552057718425
2020-11-27,0,262,0.12,0.8,120,83,118,3,3,1,217614.74389888122,133284.85899347227,209144.21215211676,321,7,178021.4243019949,12.08965918327855
2020-11-28,0,263,0.12,0.8,117,87,126,4,4,5,207126.16850181078,131730.34451458906,207071.9649745011,330,13,170086.5106750552,12.044062472917519
2020-11-29,0,264,0.12,0.8,114,91,136,2,0,3,196202.48005932884,139142.93071440473,200017.31394438836,341,5,168175.8090736583,12.03276519378551
2020-11-30,0,265,0.12,0.8,113,94,141,4,5,3,186141.73726078015,168907.9457675724,203999.59565914754,348,12,178534.70610114848,12.092538293241597
2020-12-01,0,266,0.12,0.8,119,99,148,2,3,3,187350.04597975942,210103.81819490576,216544.97295057078,366,8,185765.82711316404,12.132242165481301
2020-12-02,0,267,0.12,0.8,120,107,148,3,1,5,188741.9742727589,230083.5706076107,244225.0211199988,375,9,208367.57973293858,12.247059009259175
2020-12-03,0,268,0.12,0.8,125,105,151,4,1,1,191384.37892160207,197887.77777275213,291211.5145370956,381,6,210774.0413355317,12.258541944496969
2020-12-04,0,269,0.12,0.8,128,108,157,1,3,3,207762.99294775815,169378.85672848395,320625.5871925983,393,7,213986.48175229764,12.273668122626932
2020-12-05,0,270,0.12,0.8,134,111,160,0,3,1,218170.76959461815,157711.2263642651,315585.02183511347,405,4,215363.8936813277,12.280084405147496
2020-12-06,0,271,0.12,0.8,138,110,169,1,4,5,225202.1990535093,158744.72931165498,284234.41160141694,417,10,206411.16325690475,12.237625396673993
2020-12-07,0,272,0.12,0.8,147,119,173,2,1,5,243651.86648031246,173234.87136663558,295596.7381290395,439,8,223491.28580948198,12.317127702608897
2020-12-08,0,273,0.12,0.8,146,122,174,5,5,3,248872.1757240528,200175.10831849297,299463.22043939936,442,13,230246.9522087041,12.346907717151353
2020-12-09,0,274,0.12,0.8,152,124,180,3,1,4,266056.9772950703,217637.07033421766,328460.6337341209,456,8,246336.42608433327,12.414453466329556
2020-12-10,0,275,0.12,0.8,151,127,184,1,2,5,274052.7184763717,216582.4271842107,315843.6919108471,462,8,260504.72457111048,12.470376276560462
2020-12-11,0,276,0.12,0.8,150,135,184,4,4,8,288876.1957975054,204398.94830779958,288483.2761374106,469,16,245664.66334971588,12.411722727855661
2020-12-12,0,277,0.12,0.8,153,141,180,6,6,3,290699.06734889775,205943.7430779314,270457.24408932263,474,15,239361.3717144135,12.385729704510576
2020-12-13,0,278,0.12,0.8,159,142,189,8,3,3,283837.10122908367,218370.19627352062,261519.23439299676,490,14,241334.68946264178,12.393940002004294
2020-12-14,0,279,0.1,0.8,162,142,189,3,3,6,297945.5920317684,241604.2168283188,272509.5689229906,493,12,263053.54739029123,12.48011289268023
2020-12-15,0,280,0.1,0.8,171,139,188,5,3,5,313511.69896861824,270353.52788651333,294817.4894196124,498,13,266671.57324122207,12.493773117467265
2020-12-16,0,281,0.1,0.8,170,137,189,3,1,5,289713.101952028,272993.70346388227,311896.28376512905,496,9,270086.57147306344,12.506497821673488
2020-12-17,0,282,0.1,0.8,170,146,195,9,5,4,262970.6881908132,246361.9872382647,350072.1556025651,511,18,273542.1729978344,12.519211086389637
2020-12-18,0,283,0.1,0.8,169,149,192,3,1,4,257502.30512765815,224599.56882279686,378032.00219044584,510,8,266910.7772734687,12.494669714020882
2020-12-19,0,284,0.1,0.8,174,160,195,3,5,3,275242.06353621156,230189.06753526666,390654.75751755846,529,11,271874.62026512466,12.513096284098133
2020-12-20,0,285,0.1,0.8,170,160,202,3,5,2,293021.67000750185,244684.98282654744,382541.7048919447,532,10,293070.64831005636,12.588168979446463
2020-12-21,0,286,0.1,0.8,166,165,202,4,1,3,298668.9189698219,265306.73187871685,373676.2393065836,533,8,295301.118245488,12.59575085453652
2020-12-22,0,287,0.1,0.8,174,171,208,2,4,6,302770.39292359893,278618.8056004539,349755.26321092015,553,12,298426.3599172874,12.606278480934636
2020-12-23,0,288,0.1,0.8,182,171,211,3,4,1,307472.43054410873,325324.31539259554,329881.5837292819,564,8,289509.4508302477,12.575943220817253
2020-12-24,0,289,0.05,0.1,190,173,206,2,3,3,360709.13969137974,265332.1916568457,339929.6444328816,569,8,308579.9243480221,12.63973616283535
2020-12-25,0,290,0.05,0.1,194,181,220,3,4,3,336662.6245815247,270483.3601625625,360214.64457733504,595,10,312708.90461736155,12.653028019591048
2020-12-26,0,291,0.05,0.1,206,189,232,4,6,3,315153.58971667656,286380.19942291797,365606.22652871965,627,13,307701.83343236323,12.6368865197986
2020-12-27,0,292,0.05,0.1,201,185,240,5,4,5,304430.678199406,326764.4715821567,371643.28659157787,626,14,302591.41493170103,12.620138708921704
2020-12-28,0,293,0.05,0.1,199,196,248,5,2,7,315673.5519550386,353076.0977769271,356169.6908517289,643,14,325603.2688251091,12.693434952449284
2020-12-29,0,294,0.05,0.1,195,197,251,3,2,3,330084.90498210373,330043.31494601216,348334.25871774886,643,8,307703.7792962308,12.636892843640394
2020-12-30,0,295,0.05,0.1,190,201,267,6,2,4,362946.5533814889,311408.7855043464,410577.1751649763,658,12,332197.9868814313,12.713486416183402
2020-12-31,0,296,0.05,0,198,196,267,3,2,5,388928.7673289762,350321.4791084799,472289.8252848881,661,10,368915.13462750136,12.818321909112147
2021-01-01,0,297,0.05,0,199,203,270,2,3,2,372286.64746246015,368159.63986492285,495386.14913513005,672,7,377382.88699821936,12.841015566421667
2021-01-02,1,298,0.05,0,209,214,267,3,3,1,317529.71054968884,342726.39914830675,473952.694523748,690,7,359655.8462016764,12.792902870416206
2021-01-03,0,299,0.05,0.1,215,228,272,4,4,4,312520.13196491275,342096.01046662877,506132.85317054053,715,12,376027.3728482205,12.837417219850478
2021-01-04,4,300,0.05,0.1,217,221,272,10,4,3,355189.7107644633,356107.01502831915,499885.01497224445,710,17,374675.7995152635,12.833816396400994
2021-01-05,35,301,0.05,0.1,215,222,269,3,5,4,406371.4656460259,380758.98698815604,461572.98551314196,706,12,397520.48378278647,12.893001743277843
2021-01-06,119,302,0.05,0.1,221,219,274,4,7,7,404902.63697418635,384974.9381245167,455286.6841725917,714,18,400194.0694288957,12.899704882003716
2021-01-07,84,303,0.04,0.1,218,221,280,2,5,2,375604.0167052825,392884.0324323761,478627.4937440204,719,9,383746.86995166633,12.857738421372538
2021-01-08,69,304,0.04,0.1,219,220,287,4,3,3,351236.2236056799,398459.3191052788,513957.0474296356,726,10,404785.44328658737,12.9111124360484
2021-01-09,57,305,0.04,0.1,215,212,284,6,9,9,377576.2847077105,394734.34461331903,490091.7931562385,711,24,395103.45796955103,12.886902928498746
2021-01-10,19,306,0.04,0.1,211,214,285,7,7,7,385912.37050821853,378816.23400046525,482695.13956972794,710,21,377713.73962365283,12.84189188512034
2021-01-11,109,307,0.04,0.1,215,222,291,5,5,10,368417.8306719383,369655.05626831646,489420.5829301053,728,20,388677.182831555,12.870504413886446
2021-01-12,78,308,0.04,0.1,208,229,291,5,5,8,321909.82044283394,367433.6184214589,466760.24417573947,728,18,363807.1321584514,12.804379149487657
2021-01-13,92,309,0.04,0.1,211,228,281,3,3,8,316414.3652818059,351753.75495503057,425796.76374062203,720,14,347702.6193329506,12.759102851280636
2021-01-14,7,310,0.04,0.1,204,225,275,4,4,10,351200.86906544975,343808.5474983352,402280.3870675948,704,18,352089.51920310414,12.771640738165333
2021-01-15,19,311,0.04,0.1,203,225,278,4,5,5,379096.72328652296,370360.7532620365,451440.80735974014,706,14,366552.05281752505,12.811895817011239
2021-01-16,23,312,0.04,0.1,194,225,264,9,10,3,373061.5096586261,389678.6229948823,507942.2826914715,683,22,382131.2166550941,12.85351932770351
2021-01-17,15,313,0.04,0.1,193,217,255,3,7,4,336329.85813945055,365678.1799739919,498054.2887462304,665,14,378598.3277644648,12.844231100855014
2021-01-18,53,314,0.05,0.1,194,217,258,3,8,10,284484.31407992204,374093.82985853404,473348.86802023486,669,21,366596.1720813363,12.812016172656566
2021-01-19,172,315,0.05,0.1,190,217,257,5,6,10,259967.24551127502,342450.81728063844,469136.34055106976,664,21,326106.44666505564,12.694979130564084
2021-01-20,72,316,0.05,0.1,176,216,254,7,6,6,240263.35742468853,331584.1120657125,461627.8006199554,646,19,324521.6747066463,12.690107607060972
2021-01-21,8,317,0.05,0.1,173,204,249,13,4,4,254211.48247847924,355162.08529810427,420976.9879489614,626,21,324772.96831153426,12.690881658164386
2021-01-22,7,318,0.05,0.1,167,199,242,2,2,4,241174.04369767584,354824.0587276469,379692.85116331227,608,8,294665.4239274599,12.59359583550203
2021-01-23,3,319,0.05,0.1,169,203,230,3,9,3,259140.4021188199,361709.20310346945,368829.7153052967,602,15,312657.87622000295,12.652864824490075
2021-01-24,4,320,0.05,0.1,158,204,218,4,5,4,252587.89940771286,351895.4780886235,348226.9726230326,580,13,302991.4679211834,12.621459925419082
2021-01-25,68,321,0.05,0.1,159,200,212,4,9,9,264960.30832789093,328685.60378021817,311793.3340040992,571,22,272631.8112423365,12.515877487116043
2021-01-26,77,322,0.05,0.1,154,199,214,2,2,5,263409.21150531643,301278.9801582589,283160.7221060046,567,9,264103.5945712296,12.484096708837164
2021-01-27,98,323,0.05,0.1,142,193,209,4,5,4,283577.8822174542,301392.07639203436,286125.91505548544,544,13,277773.4760263845,12.53456122607728
2021-01-28,117,324,0.05,0.1,136,183,200,3,5,8,263828.9649191271,311542.93024899135,318258.7689183949,519,16,279528.67164712393,12.540860148237856
2021-01-29,117,325,0.05,0.1,134,171,192,2,3,3,237503.13754810326,299124.6612354211,337245.0922340562,497,8,272752.9481160385,12.516321712494971
2021-01-30,135,326,0.05,0.1,131,160,187,5,4,7,220738.90885268166,261870.4165538767,320308.56305544084,478,16,240887.89420343578,12.392086934967649
2021-01-31,60,327,0.05,0.1,129,168,177,7,5,6,215813.9198789518,255411.9078843732,283282.6832333611,474,18,237101.11484823466,12.37624197405946
2021-02-01,189,328,0.05,0.1,124,164,173,3,6,5,211872.77019644398,279947.6562896424,268444.5897705445,461,14,229571.18008522483,12.343968413272073
2021-02-02,186,329,0.05,0.1,127,161,165,2,5,6,203048.47132865764,289928.6792318131,263479.1676851033,453,13,242652.50717037846,12.399385687235695
2021-02-03,259,330,0.05,0.1,128,154,162,6,4,7,206317.05092894795,300836.0511092764,257221.96365482933,444,17,237244.14353176518,12.376845031369882
2021-02-04,242,331,0.05,0.1,126,151,167,3,6,3,227183.11710029663,256465.15680637586,266900.6103218446,444,12,226919.7774446851,12.332351830674488
2021-02-05,208,332,0.05,0.1,124,148,161,3,4,4,204236.11533329776,229287.90787238037,265838.8967666543,433,11,211846.97826166742,12.263619492378126
2021-02-06,72,333,0.05,0.1,117,144,164,2,3,0,193718.6871655006,226277.49194709622,299222.6598561938,425,5,215900.94931272804,12.282575013495215
2021-02-07,22,334,0.05,0.1,120,143,160,7,2,3,186856.7657721185,238943.3882913067,304152.5425143311,423,12,223206.6100557606,12.315853123995943
2021-02-08,96,335,0.05,0.1,119,133,153,5,5,4,173668.2500740525,247092.31640541437,263485.9620597217,405,14,206617.40596216032,12.238624081693711
2021-02-09,101,336,0.05,0.1,114,129,153,1,5,4,157164.06990906844,250254.81719094465,242258.81726194808,396,10,209979.6399075175,12.254765852178032
2021-02-10,88,337,0.05,0.1,107,126,150,2,6,7,151800.87812719026,198180.2291035627,234550.55190895812,383,15,181749.0667798118,12.110382260746059
2021-02-11,155,338,0.05,0.1,102,122,147,2,5,5,149020.86481127708,169070.29097588416,238371.1498554533,371,12,171570.71599661387,12.052750798772784
2021-02-12,117,339,0.05,0.1,100,123,140,5,4,3,164969.43231346525,169356.61559493662,239867.16776379955,363,12,181046.32062548478,12.106508192565217
2021-02-13,82,340,0.05,0.1,98,120,136,3,0,2,183898.89714891862,169527.61621027635,250989.12959458356,354,5,183196.39030647743,12.118314027460785
2021-02-14,29,341,0.05,0.1,93,114,138,2,3,3,165398.78434313508,170705.13218457735,234156.70560674762,345,8,171766.08221187477,12.053888843033498
2021-02-15,160,342,0.05,0.1,95,112,139,1,3,3,159659.5834630724,175931.3333935981,201932.41659947735,346,7,165987.44636015987,12.01966744014263
2021-02-16,244,343,0.05,0.1,91,103,135,1,2,3,173832.5455696193,150318.57752468987,188441.36944029806,329,6,160243.7593849802,11.984451431029175
2021-02-17,313,344,0.05,0.1,88,102,132,2,4,5,194826.9645408265,143297.61183758988,192503.63588472898,322,11,168982.84081090536,12.037552455087038
2021-02-18,54,345,0.05,0.1,86,99,131,3,5,1,176622.29725581786,157884.0279497766,211907.0793726291,316,9,166332.231880314,12.02174246408158
2021-02-19,124,346,0.05,0.1,77,99,130,0,7,5,143523.38352749991,167959.73151788418,223838.06880730618,306,12,168613.29859809915,12.0353631980591
2021-02-20,122,347,0.05,0.1,76,93,119,2,3,2,125155.43237212939,153040.08096839263,213403.04170338588,288,7,158379.92724648316,11.972752028403793
2021-02-21,82,348,0.05,0.1,77,87,117,7,0,3,120017.72089685492,130785.37444916276,190036.5543202653,281,10,134904.59431718825,11.812323098822647
2021-02-22,61,349,0.05,0.1,79,81,110,1,4,8,120612.96774022661,113561.02700178802,184445.8564184807,270,13,132460.23594177692,11.79403777326777
2021-02-23,233,350,0.05,0.1,78,79,102,3,0,6,124664.62888817611,119755.89273018177,154237.91361629264,259,9,128629.65650415032,11.764692674651332
2021-02-24,266,351,0.05,0.1,72,77,93,3,2,5,126131.80842552509,131662.51999178214,144341.99113918474,242,10,124340.77886142134,11.730781291768816
2021-02-25,174,352,0.05,0.1,71,77,94,2,1,1,124256.26512327047,138833.20683700166,155800.7046428493,242,4,135163.1784084296,11.814238056447186
2021-02-26,406,353,0.05,0.1,70,78,89,2,4,0,112469.80110668759,140247.63153488986,142589.8321500202,237,6,125099.65193829393,11.736865914183298
2021-02-27,384,354,0.05,0.1,74,72,85,2,1,3,96473.9647826325,115345.40795966236,121634.72452952925,231,6,107098.81373446753,11.581507180132364
2021-02-28,10,355,0.05,0.1,75,70,81,0,1,0,78764.89155074846,111887.90342566386,108984.9704700105,226,1,93365.55181926866,11.444277731979726
2021-03-01,37,356,0.05,0.1,78,67,79,5,4,3,81233.93802490724,117867.47839599854,106097.5524321562,224,12,96751.09696447269,11.479896948961837
2021-03-02,52,357,0.05,0.1,79,66,75,2,1,2,102340.96818456585,108229.37779500127,114928.83068570151,220,5,104141.83022226539,11.553509001195312
2021-03-03,100,358,0.05,0.1,76,64,77,0,2,2,133817.2444788175,100501.77619225117,116086.85318241829,217,4,110919.74908623098,11.616562237612397
2021-03-04,83,359,0.05,0.1,72,65,77,1,4,4,143918.01149335963,108383.15393871309,121315.56353091137,214,9,115926.5525718809,11.660712102069532
2021-03-05,42,360,0.05,0.1,70,64,75,3,2,2,141053.79643649506,99458.83812329663,113780.53740183622,209,7,106457.43832911206,11.575500544151994
2021-03-06,59,361,0.05,0.1,66,61,70,2,2,3,131694.20188238742,80813.41866481744,106760.69035855035,197,7,100404.70778727053,11.51696437545191
2021-03-07,3,362,0.05,0.1,65,59,67,2,0,2,131991.84726300603,77709.98672724243,122989.40168657704,191,4,104461.39708694433,11.556572876273286
2021-03-08,19,363,0.05,0.1,62,58,61,1,1,3,139393.39008660783,104894.2373228425,96425.28284118079,181,5,109338.42654953588,11.602203181907692
2021-03-09,122,364,0.05,0.1,60,56,55,0,4,1,130530.13781870219,122666.32552112886,91832.42016417492,171,5,109803.87966167476,11.606451141328375
2021-03-10,217,365,0.05,0.1,57,55,51,3,2,2,98681.59699367598,92246.41478909653,104189.80268520923,163,7,89977.85486324117,11.407318861960295
2021-03-11,81,366,0.05,0.1,59,54,52,2,3,1,72476.79851390953,70713.98834678174,89703.65597964359,165,6,74507.58178850287,11.218656168162733
2021-03-12,114,367,0.05,0.1,58,53,53,1,3,2,69291.96833892041,79570.43064533647,84005.60239258113,164,6,74602.17702708904,11.2199249684348
2021-03-13,135,368,0.05,0.1,55,51,45,1,1,1,72472.15217491689,114737.96904098267,76212.36701333002,151,3,84416.99854291526,11.343524064841787
2021-03-14,43,369,0.05,0.1,52,47,44,1,3,2,83668.85307291673,70467.97885312724,76252.12473992244,143,6,69992.25264834691,11.15613983845422
2021-03-15,67,370,0.05,0.1,52,41,44,2,1,0,99924.01189141399,44986.43207148911,78825.44606059388,137,3,70835.4235499879,11.168114487184125
2021-03-16,86,371,0.05,0.1,50,38,43,1,0,0,95593.41230417565,44893.30248463716,74679.77872329263,131,1,66532.1725561736,11.1054409074887
2021-03-17,167,372,0.05,0.1,52,36,45,0,1,3,70363.9229017279,44170.73287521975,80096.25613072331,133,4,58991.85507127014,10.985154663718639
2021-03-18,41,373,0.2,0.1,46,31,45,0,0,3,54363.930495165354,52959.3199759205,87963.38222888703,122,3,60029.90027557333,11.002598055001352
2021-03-19,107,374,0.2,0.1,48,31,42,2,2,1,65294.729707980885,42596.82993782907,77493.22173781144,121,5,58342.191916237534,10.974080814128978
2021-03-20,215,375,0.2,0.1,48,29,41,1,1,0,73435.9329146712,42351.32730383304,66922.44958079346,118,2,57092.88477089207,10.95243477791277
2021-03-21,6,376,0.2,0.1,48,26,37,0,0,1,71935.56241793992,49317.27112488393,60638.150922282955,111,1,57089.79884027665,10.952380725397651
2021-03-22,15,377,0.2,0.1,49,26,40,1,1,2,68998.79185112075,65250.05535093223,66307.97270902144,115,4,62316.689515861675,11.039984558399746
2021-03-23,26,378,0.2,0.1,48,25,41,2,1,2,68255.65060189259,36402.857558218224,70621.70254785665,114,5,53019.81020106012,10.878420900075389
2021-03-24,122,379,0.2,0.1,45,22,39,3,0,1,74895.35098743881,24403.501448189734,57767.94477835526,106,4,47814.75892507091,10.775089634944537
2021-03-25,104,380,0.2,0.1,47,18,37,2,0,1,104665.99544969763,29249.69208198007,55345.32468979058,102,3,59062.895538334276,10.986358181159016
2021-03-26,45,381,0.2,0.1,47,17,37,2,0,0,121819.96094387663,35172.86042972318,64711.75454987148,101,2,70553.705606119,11.164129480439072
2021-03-27,94,382,0.2,0.1,49,18,34,0,0,1,105880.98021865055,37312.59339460651,63284.63952851609,101,1,63095.00475845372,11.052396881504295
2021-03-28,44,383,0.2,0.1,49,18,33,3,0,1,84843.18997894616,29374.020091621096,53720.064023759434,100,4,50797.14252873639,10.835595382550192
2021-03-29,55,384,0.2,0.1,49,16,34,2,0,2,81297.46289279503,27077.4417051051,49462.31732727645,99,4,47983.60521171889,10.778614673456588
2021-03-30,93,385,0.2,0.1,50,18,31,2,0,1,85433.47219517211,32037.03780899873,54192.826502421856,99,3,54572.03505260425,10.907276852001042
2021-03-31,89,386,0.2,0.1,54,20,33,2,1,1,86122.11513621332,29458.416178119413,56927.19250290137,107,4,54731.5407840107,10.910195436199405
2021-04-01,93,387,0.2,0.1,56,21,30,1,1,2,78391.97723306806,25755.9002778917,49494.17766712585,107,4,47143.01175638004,10.76094106406276
2021-04-02,127,388,0.2,0.1,56,21,30,0,0,1,84749.00055851392,30367.998806484677,42856.89025912688,107,1,49114.06890674357,10.801900808517967
2021-04-03,255,389,0.2,0.1,60,20,28,0,1,1,97131.9472636999,44487.39322231586,45671.665632774006,108,2,59156.807406478445,10.987946949960817
2021-04-04,46,390,0.2,0.1,59,20,31,0,0,1,83182.04749098126,51471.55380386801,57841.83042598647,110,1,60821.69590893659,11.0157018449093
2021-04-05,56,391,0.2,0.1,55,21,30,5,1,1,70369.11685648486,52278.35137270544,61255.03761741022,106,7,59380.30217864684,10.991717837200842
2021-04-06,108,392,0.2,0.1,56,23,29,0,0,1,81267.17492271023,52462.466735592665,61863.41828339725,108,1,61277.02734502274,11.023160293855067
2021-04-07,250,393,0.2,0.1,57,27,30,2,2,0,100117.5251868204,56120.27563674456,57693.20552647751,114,4,66159.66749909242,11.099826303975941
2021-04-08,208,394,0.2,0.1,62,29,30,1,0,1,112137.36804037564,60929.30525160079,48108.15494870002,121,2,66518.35074846626,11.105233139681198
2021-04-09,270,395,0.2,0.1,59,31,30,1,1,1,113615.49102221776,55377.608831181424,39921.170260043225,120,3,67243.44244936791,11.116074782663098
2021-04-10,155,396,0.2,0.1,58,30,34,2,1,0,103928.64097635902,44910.88567955348,39595.493016547895,122,3,58770.323088851386,10.981392297104795
2021-04-11,37,397,0.2,0.1,60,31,36,3,2,1,82777.34857457479,47860.092818308854,43934.558256953154,127,6,55355.45915250487,10.921530562948082
2021-04-12,50,398,0.2,0.1,64,31,37,2,0,1,74195.10666586395,53620.54786194344,43440.465095761356,132,3,53543.813902273,10.888255549170692
2021-04-13,190,399,0.2,0.1,68,33,39,1,2,1,87697.32756624502,54883.81230694334,37475.25486393943,140,4,54251.02037028121,10.901377079894603
2021-04-14,263,400,0.2,0.1,69,33,38,0,1,1,107160.25972972112,53555.931070995524,47817.39303334083,140,2,65691.78005579351,11.092729083339345
2021-04-15,366,401,0.2,0.1,69,34,37,1,2,0,122797.26079790626,53995.42697734867,65923.85934388757,140,3,76045.30632466688,11.239084577500957
2021-04-16,559,402,0.2,0.1,64,34,38,4,0,0,114920.11639952396,54885.71441212748,72336.6232057013,136,4,73747.78746654926,11.208406273298474
2021-04-17,213,403,0.2,0.1,66,32,37,3,1,1,107128.28887091683,57352.87002610064,68093.43456910705,135,5,71470.31749202684,11.177037502515992
2021-04-18,73,404,0.4,0.1,67,33,35,5,0,2,103323.85715416232,64186.21910423609,58671.31571895544,135,7,68315.46272570573,11.131891414162599
2021-04-19,183,405,0.4,0.1,71,34,34,1,1,3,110265.98496154626,68890.68807972723,47526.17050214551,139,5,69158.81887517542,11.144160861501819
2021-04-20,410,406,0.4,0.1,79,32,32,2,2,0,121950.38591095454,82879.42737149236,44587.03765311413,143,4,77648.277176566,11.259944641293556
2021-04-21,587,407,0.4,0.1,78,32,30,1,2,0,131970.4060913607,66182.24244265941,48346.074885629125,140,3,77927.24928911412,11.263530969013493
2021-04-22,509,408,0.4,0.1,80,31,33,3,0,1,134759.05297136612,51534.55029651258,57786.35623845968,144,4,73623.71406108254,11.20672245473796
2021-04-23,494,409,0.4,0.1,77,32,37,2,2,0,144120.48953561933,38815.461559538766,90167.75623225278,146,4,84412.97506549195,11.3434764017718
2021-04-24,288,410,0.4,0.1,81,32,39,1,0,0,152191.17089612293,45050.651955632056,95369.41144699333,152,1,91363.98652262676,11.422606659255562
2021-04-25,91,411,0.4,0.1,84,33,40,3,1,1,149732.22455803756,76075.28085949413,79614.05771004365,157,5,92293.86758193892,11.432732978218038
2021-04-26,129,412,0.4,0.1,85,36,39,5,1,2,144312.2579029185,91036.63191765516,69272.0231970346,160,8,94579.35862482918,11.45719453487681
2021-04-27,285,413,0.4,0.1,84,34,46,3,2,3,163162.6686323535,73431.87137144645,70146.95137154536,164,8,96525.20587983224,11.477559454047357
2021-04-28,575,414,0.4,0.1,84,35,46,2,2,0,166540.15072158322,55842.15452962942,76201.63880487968,165,4,93654.03663284042,11.447362810337228
2021-04-29,485,415,0.4,0.1,86,39,46,0,2,1,164443.68645782265,55156.1924176035,77676.719681515,171,3,96028.25462615654,11.47239774616909
2021-04-30,440,416,0.4,0.1,84,43,51,0,2,1,140484.33259490883,58778.053483257296,81381.7804727372,178,3,90286.49697569135,11.410743193070662
2021-05-01,326,417,0.4,0.1,79,41,56,1,3,0,115648.21190617599,65152.457259323695,89838.87985617763,176,4,84215.95201218793,11.341139636112768
2021-05-02,47,418,0.4,0.1,80,45,57,3,0,1,116775.68511457162,81226.9805655743,92796.75453427518,182,4,92781.61942280081,11.438003832591873
2021-05-03,99,419,0.4,0.1,82,50,62,4,0,2,125304.67564869119,86583.99761844537,95300.57385783641,194,6,95255.96958178307,11.464322963799717
2021-05-04,255,420,0.4,0.1,79,51,61,1,0,1,132473.1890541949,72728.91063138425,94600.81030989427,191,2,96422.15723387626,11.476491301012345
2021-05-05,390,421,0.4,0.1,82,50,61,2,3,1,142566.70301708943,75770.40273210102,96633.65173608369,193,6,99708.31344138992,11.510004337041233
2021-05-06,252,422,0.4,0.1,84,50,60,5,1,1,143189.50088807856,85894.40080325004,104150.45584829019,194,7,106811.95706282734,11.578825156758567
2021-05-07,229,423,0.4,0.1,84,48,59,3,0,0,176383.2151959054,96631.23423014229,102736.48092093297,191,3,118111.95688002688,11.67938824075267
2021-05-08,142,424,0.4,0.1,80,49,60,2,1,1,163569.300009996,98330.97642133538,96940.9753203759,189,4,108449.51602612308,11.594040053599818
2021-05-09,126,425,0.4,0.1,83,49,61,3,2,1,153811.21300482273,90954.01512499015,98536.46909053421,193,6,108383.74337611899,11.59343338788624
2021-05-10,153,426,0.4,0.1,88,48,63,2,1,2,143088.64809979664,79410.49538611488,116724.66503582317,199,5,109711.34721401065,11.605608079510187
2021-05-11,239,427,0.4,0.1,84,47,64,4,4,0,142886.59216592085,70710.84588178372,106687.97308615122,195,8,99695.85972753685,11.509879427781096
2021-05-12,344,428,0.4,0.1,82,47,64,1,1,1,128972.5769237125,72019.59185291165,135533.85207663925,193,3,108474.72939577769,11.59427251604051
2021-05-13,326,429,0.4,0.1,85,47,64,1,3,2,119523.27257734913,77029.05809213432,108205.17843231221,196,6,91691.3965105573,11.426183831711658
2021-05-14,236,430,0.4,0.1,85,49,62,3,0,2,113192.37284202829,81612.73344185714,78832.64723781461,196,5,87568.41792704807,11.38017568597244
2021-05-15,206,431,0.4,0.1,82,46,66,0,0,1,117623.72720259821,78657.17172162709,91184.7712156357,194,1,89994.55023265998,11.407504394508551
2021-05-16,22,432,0.4,0.1,86,42,65,3,2,1,141642.54880909115,61234.27914434436,120712.4528054961,193,6,99448.43859334523,11.507394583740014
2021-05-17,81,433,0.4,0.1,88,42,67,2,2,3,151880.98960344394,63354.53628086925,121728.6810077131,197,7,104692.05384636155,11.558778499483381
2021-05-18,118,434,0.6,0.1,83,39,63,0,2,3,154799.84209183435,73485.32325341462,101484.14641005463,185,5,102621.01680920254,11.538798032936464
2021-05-19,173,435,0.6,0.1,84,36,61,2,1,1,157481.80263683366,80200.52760574801,91935.31306958366,181,4,102585.37371887796,11.538450645210466
2021-05-20,124,436,0.6,0.1,80,36,58,2,0,2,141860.0488905076,69381.06379847706,97381.85745883304,174,4,99549.27407507769,11.508408017402246
2021-05-21,122,437,0.6,0.1,79,36,60,3,2,0,146599.0393630776,61855.61796307891,102777.63109062909,175,5,93903.17704038032,11.450019498919838
2021-05-22,102,438,0.6,0.1,75,37,56,1,0,3,155849.43465935794,55519.807901869666,95276.34934896076,168,4,96200.26055113281,11.474187345081864
2021-05-23,28,439,0.6,0.1,74,39,56,1,2,1,130283.58523351238,57724.86716099102,87665.4258207335,169,4,85932.83858819373,11.361321323489047
2021-05-24,54,440,0.6,0.1,71,40,56,3,0,3,112551.55292954789,83654.79513682995,83425.16647497965,167,6,89241.26387533371,11.399098811101195
2021-05-25,62,441,0.6,0.1,67,41,57,1,0,1,106764.27387829595,92031.32155951919,76144.61931024751,165,2,86718.48275823085,11.37042232065131
2021-05-26,114,442,0.6,0.1,69,43,59,2,2,1,101797.70185516191,73053.98764753672,99427.24446922289,171,5,85177.03820329465,11.352487171838336
2021-05-27,57,443,0.6,0.1,69,45,60,4,1,2,92915.6871197221,73166.04511683127,94735.82303913066,174,7,79475.37105971726,11.283202454654134
2021-05-28,125,444,0.6,0.1,69,42,54,3,1,0,91917.26475269988,79833.19851551398,91066.55276714239,165,4,83650.97149264233,11.334408320126878
2021-05-29,53,445,0.6,0.1,65,43,55,2,2,0,107702.23731655665,87974.83238492135,97882.28142332382,163,4,92166.22276024391,11.431348994920267
2021-05-30,13,446,0.6,0.1,61,41,53,4,1,2,136409.2165397008,84919.36780718612,89338.06867845215,155,7,94626.20190116973,11.457689692388751
2021-05-31,10,447,0.6,0.1,63,41,49,3,4,2,136930.63002033337,72558.80058113024,86637.13490289035,153,9,94454.96490655202,11.455878438054723
2021-06-01,65,448,0.6,0.1,60,41,47,1,2,4,102533.23333623793,69394.25686567082,101647.91884643071,148,7,87475.17272067719,11.379110291748683
2021-06-02,76,449,0.6,0.1,60,41,44,0,2,3,86633.55710272929,69735.50699778296,122666.3136741445,145,5,88387.37442436599,11.389484415171744
2021-06-03,75,450,0.6,0.1,63,44,45,2,1,0,88446.36696513143,69496.84682035234,102324.39014047214,152,3,84047.08624713655,11.339132471336821
2021-06-04,150,451,0.6,0.1,60,44,44,1,1,3,93852.94767762496,70387.5314073799,87979.36208790715,148,5,80212.92828845934,11.292439981467416
2021-06-05,114,452,0.6,0.1,59,44,45,1,1,1,103808.33475261564,74719.76276895817,79681.81731203721,148,3,78717.11766916457,11.273615916080747
2021-06-06,35,453,0.6,0.1,61,43,40,5,1,1,101574.92118207847,76414.45554220995,66055.65953426885,144,7,74602.95490445182,11.219935395386644
2021-06-07,76,454,0.6,0.1,63,45,40,2,0,2,77798.46941574512,80275.31728311285,65921.23543802151,148,4,68324.49561631196,11.132023628644058
2021-06-08,119,455,0.6,0.1,62,48,42,2,1,3,79278.09661866508,73764.34144698524,64932.18453452315,152,6,65971.309589485,11.09697522330812
2021-06-09,175,456,0.6,0.1,57,48,37,0,2,1,99134.31492227982,63409.06869689199,54507.7984417413,142,3,70068.6858811578,11.157231266816769
2021-06-10,114,457,0.6,0.1,56,47,37,0,2,3,112441.13708662281,62205.837395615934,54843.99043739319,140,5,74061.89607198763,11.212656455976065
2021-06-11,78,458,0.6,0.1,59,50,33,1,0,0,110465.56431473221,76002.86664348096,50642.82816348367,142,1,76297.51085767912,11.242395593643144
2021-06-12,102,459,0.6,0.1,62,53,32,4,2,1,115530.21762719283,88602.32158291631,43206.79022290833,147,7,76932.47656020948,11.250683388320224
2021-06-13,15,460,0.6,0.1,59,53,32,1,1,1,131693.15978004487,91473.16395247268,40762.46360680989,144,3,84499.47024315674,11.344500544013858
2021-06-14,48,461,0.6,0.1,57,56,31,1,1,1,117326.8356113274,101907.51985061263,40064.166190515905,144,3,78727.62574509968,11.273749398796307
2021-06-15,76,462,0.6,0.1,56,54,30,2,1,1,99623.12093825532,97315.40924257306,37214.25666990212,140,4,74476.94586854741,11.218244905048783
2021-06-16,90,463,0.6,0.1,54,53,27,4,2,2,87937.04184072629,87982.50826803883,38721.64483420999,134,8,67047.83830310038,11.113161648117028
2021-06-17,48,464,0.6,0.1,57,52,25,2,1,0,84022.91656538147,103175.41986133026,35535.17462076617,134,3,68070.3183316141,11.12829654296425
2021-06-18,35,465,0.8,0.1,56,51,23,0,2,0,77860.1860828362,104825.95536238496,30705.33539418895,130,2,65507.926027818365,11.089926422360755
2021-06-19,53,466,0.8,0.1,56,51,22,2,3,1,85043.70463597521,90788.62700256018,29326.334050552996,129,6,62606.22754639902,11.044620033712096
2021-06-20,12,467,0.8,0.1,59,51,18,1,0,0,96907.02864531358,86302.49926592219,34818.91098883979,128,1,66353.8136692916,11.102756516168713
2021-06-21,18,468,0.8,0.1,60,49,16,0,3,1,108702.30324363994,96044.93659881322,36845.54800684324,125,4,73738.00589984277,11.20827362910953
2021-06-22,33,469,0.8,0.1,55,50,17,2,1,0,84657.84111902512,97905.05089646808,32361.829987532492,122,3,64757.73467244348,11.078408426828346
2021-06-23,66,470,0.8,0.1,54,51,17,1,1,0,76953.35730951483,89378.28347752844,22735.943518549902,122,2,58087.76671373316,10.969710364968371
2021-06-24,27,471,0.8,0.1,50,48,17,1,1,0,93554.93082883928,82786.91427557069,16649.75672592393,115,2,58392.34352013816,10.9749400561142
2021-06-25,29,472,0.8,0.1,50,47,17,0,0,0,113797.11239941798,93278.90988860856,20131.125063959684,114,0,71439.6577381184,11.176608424639106
2021-06-26,30,473,0.8,0.1,50,42,15,3,4,0,113022.38737159602,102284.9968600458,22775.97650727466,107,7,74331.08258581854,11.216284482201175
2021-06-27,1,474,0.8,0.1,51,39,16,2,1,0,114369.79299107827,80512.97458213271,22121.328148614422,106,3,66890.23489605155,11.110808269782945
2021-06-28,30,475,0.8,0.1,48,40,16,1,1,1,87984.07110354546,56673.871680910765,19399.80667856012,104,3,52393.00037131617,10.866528280686364
2021-06-29,21,476,0.8,0.1,46,42,15,2,3,0,72218.80425555457,51489.71704047327,17372.890882412055,103,5,43413.54949152283,10.678526871629638
2021-06-30,12,477,0.8,0.1,46,40,15,0,0,1,64244.24254068549,51428.9044571368,13106.823528470679,101,1,41120.71542487338,10.624267298442515
2021-07-01,29,478,0.8,0.1,46,37,13,2,1,0,59270.26484458541,59133.61037616505,9158.179344890526,96,3,38308.228098949505,10.553419984966204
2021-07-02,37,479,0.8,0.1,45,36,12,1,0,0,55129.26583604066,69430.87286950428,15188.098680577747,93,1,43061.87600914772,10.67039333729742
2021-07-03,10,480,0.8,0.1,45,31,12,0,0,0,57934.37825939664,59368.42132386883,42413.78043547629,88,0,49123.76964640295,10.802098303492079
2021-07-04,1,481,0.8,0.1,45,30,12,2,1,1,64448.40284848165,45121.64812483772,33564.734077727655,87,4,44641.458193825536,10.706418262153974
2021-07-05,7,482,0.8,0.1,43,24,11,1,0,0,59415.1088966675,36559.65747223384,20428.670716434885,78,1,36803.038244262345,10.513335681734441
2021-07-06,17,483,0.8,0.1,42,25,12,1,2,0,54777.25347694338,40435.80938465364,12829.178600243806,79,3,33896.83133887666,10.431076818170274
2021-07-07,36,484,0.8,0.1,41,24,12,2,1,0,53700.383906989475,36778.30833381782,16586.342674985346,77,3,34019.35821634232,10.434685000878973
2021-07-08,25,485,0.8,0.1,38,21,12,1,2,0,54663.27310583433,23870.488761814842,20252.142800411093,71,3,30823.371484457595,10.336028495637995
2021-07-09,19,486,0.8,0.1,36,19,12,0,1,1,52907.99976328771,17937.6015277226,22607.06437170156,67,2,28200.44957193481,10.24709319906632
2021-07-10,29,487,0.8,0.1,33,17,12,0,1,0,58616.57156767047,21946.8767498606,29168.663495353394,62,1,33169.12390614397,10.409374719356654
2021-07-11,6,488,0.8,0.1,33,19,12,0,2,0,66446.25355181142,26731.491068319254,31667.897799175465,64,2,40234.92585182744,10.602490699701125
2021-07-12,23,489,0.8,0.1,27,18,10,1,0,0,49579.59226877965,22989.256441027144,18729.566462275572,55,1,28748.031270554726,10.26632456633488
2021-07-13,22,490,0.8,0.1,30,15,8,3,0,1,41632.69688208465,14007.578257918227,12871.312473660631,53,4,21060.962141065953,9.95517647035504
2021-07-14,33,491,0.8,0.1,29,14,8,0,0,0,38835.37358955297,17207.84424335847,19596.382364422905,51,0,22838.786731753633,10.03621554203299
2021-07-15,15,492,0.8,0.1,28,12,8,0,0,1,44703.39613549575,29689.340860868197,11664.86729569007,48,1,25845.416303399485,10.15988854519627
2021-07-16,13,493,0.8,0.1,28,13,10,1,0,0,58474.79854982733,36193.894036963786,7545.146677240049,51,1,32328.10681122293,10.383692310737723
2021-07-17,21,494,0.8,0.1,29,13,8,0,0,0,69771.03629401278,28074.120747909346,9537.603178940963,50,0,33795.68825743672,10.428088506985805
2021-07-18,6,495,1,0.1,27,13,7,0,1,1,61383.067486443026,21033.066215828334,19127.238659754665,47,2,32387.036508736957,10.385513513960923
2021-07-19,26,496,1,0.1,28,16,5,3,0,0,54574.650645040005,19205.61366115706,23117.696356697503,49,3,29656.053170557534,10.297421537739588
2021-07-20,18,497,1,0.1,28,15,5,0,0,0,47881.26542250801,15276.517430763932,17073.102676369155,48,0,25290.946993972735,10.138201784355308
2021-07-21,22,498,1,0.1,27,14,4,1,1,0,36584.619446450204,20003.936975885572,7933.204905450188,45,2,19662.403878448884,9.886463658782372
2021-07-22,12,499,1,0.1,26,13,3,2,0,1,31986.124020219853,28099.505220907176,3523.1049661458483,42,3,19780.881692917967,9.892471179153842
2021-07-23,16,500,1,0.1,26,12,3,1,0,0,35095.21587605322,29060.60482066134,3121.857444505912,41,1,20233.348058805037,9.915087416162
2021-07-24,10,501,1,0.1,21,12,3,0,1,1,34541.16265290523,22702.83838363492,3033.2859485557624,36,2,19101.379161455487,9.857515818833939
2021-07-25,5,502,1,0.1,20,13,3,3,1,0,38309.530775663,20033.0446535377,3023.714613422999,36,4,19507.00390256472,9.87852885455462
2021-07-26,11,503,1,0.1,20,13,3,1,0,0,44370.38985802825,20312.118876190514,3012.064280722798,36,1,21417.26006614266,9.971952421074043
2021-07-27,11,504,1,0.1,20,14,3,1,0,0,34982.30229183998,18867.38142933589,3011.8561638967326,37,1,17704.84590511727,9.781593661041157
2021-07-28,21,505,1,0.1,19,15,3,0,1,0,31606.752896032325,14930.052230960968,3010.101457900328,37,1,15260.41993332724,9.63301782302648
2021-07-29,14,506,1,0.1,18,12,3,0,0,0,33168.545751676225,13485.708607976161,3010.0997634915175,33,0,15446.589675299725,9.64514352497047
2021-07-30,19,507,1,0.1,15,12,3,0,1,0,29614.444873217577,20843.268648627818,3010.099660964438,30,1,17167.9122283533,9.75079735234304
2021-07-31,9,508,1,0.1,14,12,3,1,0,0,24968.457476959193,22910.327608747502,3010.0996563948524,29,1,16107.203776502178,9.687021890435632
2021-08-01,8,509,1,0.1,14,12,2,0,0,0,16756.78688870575,16136.74521110854,2000.2664085263266,28,0,10605.374957305676,9.269116223026808
2021-08-02,27,510,1,0.1,13,12,2,1,1,0,15101.191177307375,17091.953486916893,2000.2664085236024,27,2,10831.856920844839,9.290246786132473
2021-08-03,7,511,1,0.1,11,11,1,0,1,0,16601.55914012043,23570.099275773588,0,23,1,12801.514730611805,9.457318781235328
2021-08-04,14,512,1,0.1,11,11,1,0,0,0,17539.884163041683,24754.02596469288,0,23,0,13604.145139530448,9.518129814956565
2021-08-05,14,513,1,0.1,9,10,1,2,0,0,11839.41092802975,18216.572571887107,0,20,2,9448.40802814447,9.15360154366615
2021-08-06,15,514,1,0.1,9,9,1,1,0,0,10488.611428854772,11015.652919329834,0,19,1,6520.279681208494,8.78267254989157
2021-08-07,21,515,1,0.1,8,6,1,0,1,0,12503.35610768647,5309.504226398192,0,15,1,5566.270598156274,8.624480557173646
2021-08-08,4,516,1,0.1,8,5,1,0,0,0,13379.225337969103,6572.857261234732,0,14,0,6442.130542846744,8.77061459402093
2021-08-09,21,517,1,0.1,7,5,1,0,0,0,8788.362413283558,10710.580459261002,2242.1943930318093,13,0,6845.598600673329,8.831361184691257
2021-08-10,19,518,1,0.1,8,5,1,0,0,0,6237.259670931317,11415.09766149955,6445.342342355369,14,0,7351.279815635827,8.90262970162526
2021-08-11,17,519,1,0.1,8,4,1,0,0,0,6058.09695017369,6962.979949873119,7438.676656102813,13,0,6162.4473463400745,8.726229274109993
2021-08-12,21,520,1,0.1,7,4,1,2,1,0,7065.82101881535,4491.234506499072,3810.6329710766736,12,3,4680.195565495443,8.451095175537645
2021-08-13,17,521,1,0.1,8,3,1,0,0,0,11364.711086516865,3307.694540643777,1232.4216345866212,12,0,5023.791467601225,8.521940200041605
2021-08-14,15,522,1,0.1,8,3,1,0,1,0,12287.489379631603,3258.2328802056772,1055.0465431384062,12,1,5087.994412924367,8.534639006930592
2021-08-15,10,523,1,0.1,8,3,1,1,0,0,12437.279508808304,3246.9890457471793,1010.6555781474586,12,1,5398.520120031883,8.593880143147349
2021-08-16,31,524,1,0.1,7,3,2,0,0,0,17021.90752211357,3246.9890457471793,1002.6319775454896,12,0,6485.07381281843,8.777258478770339
2021-08-17,22,525,1,0.1,6,3,2,0,0,0,18526.346279899666,3246.9890457471793,1001.1951392289849,11,0,6917.304643009124,8.841781470280601
2021-08-18,33,526,1,0.1,6,2,2,0,0,0,10833.411115612309,2064.3507597197963,1001.0180112568285,10,0,4443.9940182120645,8.399308804721725
2021-08-19,10,527,1,0.1,7,2,2,1,0,0,8387.244953244011,2015.6673546592604,1001.0012595179005,11,1,3640.319246507736,8.199826661869464
2021-08-20,24,528,1,0.1,7,2,2,0,0,1,10720.753133997598,2015.6673546592604,1001.0000645906222,11,1,4414.230301639802,8.392588760725152
2021-08-21,16,529,1,0.1,7,2,2,0,0,0,14880.98230020948,2002.6821813857173,1001.0000645906222,11,0,5725.953819078514,8.652764420497789
2021-08-22,4,530,1,0.1,6,1,2,0,0,0,18659.479518500993,1000.3641576829366,1001.0000645906222,9,0,6596.51619372767,8.794296939217759
2021-08-23,32,531,1,0.1,6,1,2,0,0,0,18101.702099790706,1000.3641576829366,1001.0000022931583,9,0,6360.233259986791,8.757820331760168
2021-08-24,20,532,1,0.1,6,1,1,0,0,0,10649.335754595082,1000.3641576829366,1,8,0,3575.7911332827116,8.18194172666889
2021-08-25,24,533,1,0.1,6,1,1,0,0,0,6170.609584260964,1000.3641576829366,1539.926526059492,8,0,2680.5312506268006,7.89377028170618
2021-08-26,25,534,1,0.1,5,1,1,0,0,0,4328.858617125554,1000.0445010493621,5623.413251903491,7,0,3406.946085793468,8.133571592996123
2021-08-27,14,535,1,0.1,5,1,1,0,0,0,4082.4806991866117,1000.0445010493621,13335.21432163324,7,0,5862.891871187277,8.676398254219917
2021-08-28,23,536,1,0.1,5,0,1,0,0,0,6294.490728225138,0,5623.413251903491,6,0,3699.904520376459,8.216062292995694
2021-08-29,10,537,1,0.1,6,0,1,1,0,0,10458.221133187235,0,1539.926526059492,7,1,3843.4946066528405,8.254137285549707
2021-08-30,40,538,1,0.1,5,0,0,0,0,0,10310.001495684286,0,0,5,0,3204.147151516512,8.072201234573228
2021-08-31,34,539,1,0.1,6,0,0,1,0,0,6766.454389621826,0,0,6,1,2032.6239080010116,7.617082802909907
